--
-- PostgreSQL database dump
--

SET statement_timeout = 0;
SET lock_timeout = 0;
SET client_encoding = 'UTF8';
SET standard_conforming_strings = on;
SET check_function_bodies = false;
SET client_min_messages = warning;

--
-- Name: plpgsql; Type: EXTENSION; Schema: -; Owner: 
--

CREATE EXTENSION IF NOT EXISTS plpgsql WITH SCHEMA pg_catalog;


--
-- Name: EXTENSION plpgsql; Type: COMMENT; Schema: -; Owner: 
--

COMMENT ON EXTENSION plpgsql IS 'PL/pgSQL procedural language';


SET search_path = public, pg_catalog;

SET default_tablespace = '';

SET default_with_oids = false;

--
-- Name: auth_group; Type: TABLE; Schema: public; Owner: django; Tablespace: 
--

CREATE TABLE auth_group (
    id integer NOT NULL,
    name character varying(80) NOT NULL
);


ALTER TABLE public.auth_group OWNER TO django;

--
-- Name: auth_group_id_seq; Type: SEQUENCE; Schema: public; Owner: django
--

CREATE SEQUENCE auth_group_id_seq
    START WITH 1
    INCREMENT BY 1
    NO MINVALUE
    NO MAXVALUE
    CACHE 1;


ALTER TABLE public.auth_group_id_seq OWNER TO django;

--
-- Name: auth_group_id_seq; Type: SEQUENCE OWNED BY; Schema: public; Owner: django
--

ALTER SEQUENCE auth_group_id_seq OWNED BY auth_group.id;


--
-- Name: auth_group_permissions; Type: TABLE; Schema: public; Owner: django; Tablespace: 
--

CREATE TABLE auth_group_permissions (
    id integer NOT NULL,
    group_id integer NOT NULL,
    permission_id integer NOT NULL
);


ALTER TABLE public.auth_group_permissions OWNER TO django;

--
-- Name: auth_group_permissions_id_seq; Type: SEQUENCE; Schema: public; Owner: django
--

CREATE SEQUENCE auth_group_permissions_id_seq
    START WITH 1
    INCREMENT BY 1
    NO MINVALUE
    NO MAXVALUE
    CACHE 1;


ALTER TABLE public.auth_group_permissions_id_seq OWNER TO django;

--
-- Name: auth_group_permissions_id_seq; Type: SEQUENCE OWNED BY; Schema: public; Owner: django
--

ALTER SEQUENCE auth_group_permissions_id_seq OWNED BY auth_group_permissions.id;


--
-- Name: auth_permission; Type: TABLE; Schema: public; Owner: django; Tablespace: 
--

CREATE TABLE auth_permission (
    id integer NOT NULL,
    name character varying(50) NOT NULL,
    content_type_id integer NOT NULL,
    codename character varying(100) NOT NULL
);


ALTER TABLE public.auth_permission OWNER TO django;

--
-- Name: auth_permission_id_seq; Type: SEQUENCE; Schema: public; Owner: django
--

CREATE SEQUENCE auth_permission_id_seq
    START WITH 1
    INCREMENT BY 1
    NO MINVALUE
    NO MAXVALUE
    CACHE 1;


ALTER TABLE public.auth_permission_id_seq OWNER TO django;

--
-- Name: auth_permission_id_seq; Type: SEQUENCE OWNED BY; Schema: public; Owner: django
--

ALTER SEQUENCE auth_permission_id_seq OWNED BY auth_permission.id;


--
-- Name: auth_user; Type: TABLE; Schema: public; Owner: django; Tablespace: 
--

CREATE TABLE auth_user (
    id integer NOT NULL,
    password character varying(128) NOT NULL,
    last_login timestamp with time zone NOT NULL,
    is_superuser boolean NOT NULL,
    username character varying(30) NOT NULL,
    first_name character varying(30) NOT NULL,
    last_name character varying(30) NOT NULL,
    email character varying(75) NOT NULL,
    is_staff boolean NOT NULL,
    is_active boolean NOT NULL,
    date_joined timestamp with time zone NOT NULL
);


ALTER TABLE public.auth_user OWNER TO django;

--
-- Name: auth_user_groups; Type: TABLE; Schema: public; Owner: django; Tablespace: 
--

CREATE TABLE auth_user_groups (
    id integer NOT NULL,
    user_id integer NOT NULL,
    group_id integer NOT NULL
);


ALTER TABLE public.auth_user_groups OWNER TO django;

--
-- Name: auth_user_groups_id_seq; Type: SEQUENCE; Schema: public; Owner: django
--

CREATE SEQUENCE auth_user_groups_id_seq
    START WITH 1
    INCREMENT BY 1
    NO MINVALUE
    NO MAXVALUE
    CACHE 1;


ALTER TABLE public.auth_user_groups_id_seq OWNER TO django;

--
-- Name: auth_user_groups_id_seq; Type: SEQUENCE OWNED BY; Schema: public; Owner: django
--

ALTER SEQUENCE auth_user_groups_id_seq OWNED BY auth_user_groups.id;


--
-- Name: auth_user_id_seq; Type: SEQUENCE; Schema: public; Owner: django
--

CREATE SEQUENCE auth_user_id_seq
    START WITH 1
    INCREMENT BY 1
    NO MINVALUE
    NO MAXVALUE
    CACHE 1;


ALTER TABLE public.auth_user_id_seq OWNER TO django;

--
-- Name: auth_user_id_seq; Type: SEQUENCE OWNED BY; Schema: public; Owner: django
--

ALTER SEQUENCE auth_user_id_seq OWNED BY auth_user.id;


--
-- Name: auth_user_user_permissions; Type: TABLE; Schema: public; Owner: django; Tablespace: 
--

CREATE TABLE auth_user_user_permissions (
    id integer NOT NULL,
    user_id integer NOT NULL,
    permission_id integer NOT NULL
);


ALTER TABLE public.auth_user_user_permissions OWNER TO django;

--
-- Name: auth_user_user_permissions_id_seq; Type: SEQUENCE; Schema: public; Owner: django
--

CREATE SEQUENCE auth_user_user_permissions_id_seq
    START WITH 1
    INCREMENT BY 1
    NO MINVALUE
    NO MAXVALUE
    CACHE 1;


ALTER TABLE public.auth_user_user_permissions_id_seq OWNER TO django;

--
-- Name: auth_user_user_permissions_id_seq; Type: SEQUENCE OWNED BY; Schema: public; Owner: django
--

ALTER SEQUENCE auth_user_user_permissions_id_seq OWNED BY auth_user_user_permissions.id;


--
-- Name: django_admin_log; Type: TABLE; Schema: public; Owner: django; Tablespace: 
--

CREATE TABLE django_admin_log (
    id integer NOT NULL,
    action_time timestamp with time zone NOT NULL,
    user_id integer NOT NULL,
    content_type_id integer,
    object_id text,
    object_repr character varying(200) NOT NULL,
    action_flag smallint NOT NULL,
    change_message text NOT NULL,
    CONSTRAINT django_admin_log_action_flag_check CHECK ((action_flag >= 0))
);


ALTER TABLE public.django_admin_log OWNER TO django;

--
-- Name: django_admin_log_id_seq; Type: SEQUENCE; Schema: public; Owner: django
--

CREATE SEQUENCE django_admin_log_id_seq
    START WITH 1
    INCREMENT BY 1
    NO MINVALUE
    NO MAXVALUE
    CACHE 1;


ALTER TABLE public.django_admin_log_id_seq OWNER TO django;

--
-- Name: django_admin_log_id_seq; Type: SEQUENCE OWNED BY; Schema: public; Owner: django
--

ALTER SEQUENCE django_admin_log_id_seq OWNED BY django_admin_log.id;


--
-- Name: django_content_type; Type: TABLE; Schema: public; Owner: django; Tablespace: 
--

CREATE TABLE django_content_type (
    id integer NOT NULL,
    name character varying(100) NOT NULL,
    app_label character varying(100) NOT NULL,
    model character varying(100) NOT NULL
);


ALTER TABLE public.django_content_type OWNER TO django;

--
-- Name: django_content_type_id_seq; Type: SEQUENCE; Schema: public; Owner: django
--

CREATE SEQUENCE django_content_type_id_seq
    START WITH 1
    INCREMENT BY 1
    NO MINVALUE
    NO MAXVALUE
    CACHE 1;


ALTER TABLE public.django_content_type_id_seq OWNER TO django;

--
-- Name: django_content_type_id_seq; Type: SEQUENCE OWNED BY; Schema: public; Owner: django
--

ALTER SEQUENCE django_content_type_id_seq OWNED BY django_content_type.id;


--
-- Name: django_migrations; Type: TABLE; Schema: public; Owner: django; Tablespace: 
--

CREATE TABLE django_migrations (
    id integer NOT NULL,
    app character varying(255) NOT NULL,
    name character varying(255) NOT NULL,
    applied timestamp with time zone NOT NULL
);


ALTER TABLE public.django_migrations OWNER TO django;

--
-- Name: django_migrations_id_seq; Type: SEQUENCE; Schema: public; Owner: django
--

CREATE SEQUENCE django_migrations_id_seq
    START WITH 1
    INCREMENT BY 1
    NO MINVALUE
    NO MAXVALUE
    CACHE 1;


ALTER TABLE public.django_migrations_id_seq OWNER TO django;

--
-- Name: django_migrations_id_seq; Type: SEQUENCE OWNED BY; Schema: public; Owner: django
--

ALTER SEQUENCE django_migrations_id_seq OWNED BY django_migrations.id;


--
-- Name: django_session; Type: TABLE; Schema: public; Owner: django; Tablespace: 
--

CREATE TABLE django_session (
    session_key character varying(40) NOT NULL,
    session_data text NOT NULL,
    expire_date timestamp with time zone NOT NULL
);


ALTER TABLE public.django_session OWNER TO django;

--
-- Name: webapp_address; Type: TABLE; Schema: public; Owner: django; Tablespace: 
--

CREATE TABLE webapp_address (
    id integer NOT NULL,
    street character varying(100) NOT NULL,
    city character varying(100) NOT NULL,
    state character varying(40) NOT NULL,
    postal_code character varying(20) NOT NULL,
    lat numeric(10,6),
    long numeric(10,6),
    business_location_id integer
);


ALTER TABLE public.webapp_address OWNER TO django;

--
-- Name: webapp_address_id_seq; Type: SEQUENCE; Schema: public; Owner: django
--

CREATE SEQUENCE webapp_address_id_seq
    START WITH 1
    INCREMENT BY 1
    NO MINVALUE
    NO MAXVALUE
    CACHE 1;


ALTER TABLE public.webapp_address_id_seq OWNER TO django;

--
-- Name: webapp_address_id_seq; Type: SEQUENCE OWNED BY; Schema: public; Owner: django
--

ALTER SEQUENCE webapp_address_id_seq OWNED BY webapp_address.id;


--
-- Name: webapp_appointment; Type: TABLE; Schema: public; Owner: django; Tablespace: 
--

CREATE TABLE webapp_appointment (
    id integer NOT NULL,
    completed boolean NOT NULL,
    business_location_id integer NOT NULL,
    service_recipient_id integer NOT NULL,
    "time" time without time zone
);


ALTER TABLE public.webapp_appointment OWNER TO django;

--
-- Name: webapp_appointment_id_seq; Type: SEQUENCE; Schema: public; Owner: django
--

CREATE SEQUENCE webapp_appointment_id_seq
    START WITH 1
    INCREMENT BY 1
    NO MINVALUE
    NO MAXVALUE
    CACHE 1;


ALTER TABLE public.webapp_appointment_id_seq OWNER TO django;

--
-- Name: webapp_appointment_id_seq; Type: SEQUENCE OWNED BY; Schema: public; Owner: django
--

ALTER SEQUENCE webapp_appointment_id_seq OWNED BY webapp_appointment.id;


--
-- Name: webapp_appointment_services; Type: TABLE; Schema: public; Owner: django; Tablespace: 
--

CREATE TABLE webapp_appointment_services (
    id integer NOT NULL,
    appointment_id integer NOT NULL,
    service_id integer NOT NULL
);


ALTER TABLE public.webapp_appointment_services OWNER TO django;

--
-- Name: webapp_appointment_services_id_seq; Type: SEQUENCE; Schema: public; Owner: django
--

CREATE SEQUENCE webapp_appointment_services_id_seq
    START WITH 1
    INCREMENT BY 1
    NO MINVALUE
    NO MAXVALUE
    CACHE 1;


ALTER TABLE public.webapp_appointment_services_id_seq OWNER TO django;

--
-- Name: webapp_appointment_services_id_seq; Type: SEQUENCE OWNED BY; Schema: public; Owner: django
--

ALTER SEQUENCE webapp_appointment_services_id_seq OWNED BY webapp_appointment_services.id;


--
-- Name: webapp_business; Type: TABLE; Schema: public; Owner: django; Tablespace: 
--

CREATE TABLE webapp_business (
    id integer NOT NULL,
    business_name character varying(200) NOT NULL,
    description text NOT NULL,
    publication_status boolean NOT NULL,
    payment_status boolean NOT NULL,
    business_type_id integer NOT NULL,
    registered_by_id integer NOT NULL,
    subscription_tier_id integer NOT NULL
);


ALTER TABLE public.webapp_business OWNER TO django;

--
-- Name: webapp_business_id_seq; Type: SEQUENCE; Schema: public; Owner: django
--

CREATE SEQUENCE webapp_business_id_seq
    START WITH 1
    INCREMENT BY 1
    NO MINVALUE
    NO MAXVALUE
    CACHE 1;


ALTER TABLE public.webapp_business_id_seq OWNER TO django;

--
-- Name: webapp_business_id_seq; Type: SEQUENCE OWNED BY; Schema: public; Owner: django
--

ALTER SEQUENCE webapp_business_id_seq OWNED BY webapp_business.id;


--
-- Name: webapp_businesslocation; Type: TABLE; Schema: public; Owner: django; Tablespace: 
--

CREATE TABLE webapp_businesslocation (
    id integer NOT NULL,
    location_name character varying(100) NOT NULL,
    description text NOT NULL,
    business_id integer NOT NULL,
    slug character varying(30)
);


ALTER TABLE public.webapp_businesslocation OWNER TO django;

--
-- Name: webapp_businesslocation_id_seq; Type: SEQUENCE; Schema: public; Owner: django
--

CREATE SEQUENCE webapp_businesslocation_id_seq
    START WITH 1
    INCREMENT BY 1
    NO MINVALUE
    NO MAXVALUE
    CACHE 1;


ALTER TABLE public.webapp_businesslocation_id_seq OWNER TO django;

--
-- Name: webapp_businesslocation_id_seq; Type: SEQUENCE OWNED BY; Schema: public; Owner: django
--

ALTER SEQUENCE webapp_businesslocation_id_seq OWNED BY webapp_businesslocation.id;


--
-- Name: webapp_businesstype; Type: TABLE; Schema: public; Owner: django; Tablespace: 
--

CREATE TABLE webapp_businesstype (
    id integer NOT NULL,
    business_type character varying(40) NOT NULL
);


ALTER TABLE public.webapp_businesstype OWNER TO django;

--
-- Name: webapp_businesstype_id_seq; Type: SEQUENCE; Schema: public; Owner: django
--

CREATE SEQUENCE webapp_businesstype_id_seq
    START WITH 1
    INCREMENT BY 1
    NO MINVALUE
    NO MAXVALUE
    CACHE 1;


ALTER TABLE public.webapp_businesstype_id_seq OWNER TO django;

--
-- Name: webapp_businesstype_id_seq; Type: SEQUENCE OWNED BY; Schema: public; Owner: django
--

ALTER SEQUENCE webapp_businesstype_id_seq OWNED BY webapp_businesstype.id;


--
-- Name: webapp_review; Type: TABLE; Schema: public; Owner: django; Tablespace: 
--

CREATE TABLE webapp_review (
    id integer NOT NULL,
    review text NOT NULL,
    appointment_id integer NOT NULL,
    author_id integer NOT NULL
);


ALTER TABLE public.webapp_review OWNER TO django;

--
-- Name: webapp_review_id_seq; Type: SEQUENCE; Schema: public; Owner: django
--

CREATE SEQUENCE webapp_review_id_seq
    START WITH 1
    INCREMENT BY 1
    NO MINVALUE
    NO MAXVALUE
    CACHE 1;


ALTER TABLE public.webapp_review_id_seq OWNER TO django;

--
-- Name: webapp_review_id_seq; Type: SEQUENCE OWNED BY; Schema: public; Owner: django
--

ALTER SEQUENCE webapp_review_id_seq OWNED BY webapp_review.id;


--
-- Name: webapp_service; Type: TABLE; Schema: public; Owner: django; Tablespace: 
--

CREATE TABLE webapp_service (
    id integer NOT NULL,
    name character varying(100) NOT NULL,
    description text NOT NULL,
    price_estimate numeric(10,2),
    business_location_id integer NOT NULL
);


ALTER TABLE public.webapp_service OWNER TO django;

--
-- Name: webapp_service_id_seq; Type: SEQUENCE; Schema: public; Owner: django
--

CREATE SEQUENCE webapp_service_id_seq
    START WITH 1
    INCREMENT BY 1
    NO MINVALUE
    NO MAXVALUE
    CACHE 1;


ALTER TABLE public.webapp_service_id_seq OWNER TO django;

--
-- Name: webapp_service_id_seq; Type: SEQUENCE OWNED BY; Schema: public; Owner: django
--

ALTER SEQUENCE webapp_service_id_seq OWNED BY webapp_service.id;


--
-- Name: webapp_subscriptiontier; Type: TABLE; Schema: public; Owner: django; Tablespace: 
--

CREATE TABLE webapp_subscriptiontier (
    id integer NOT NULL,
    tier_name character varying(100) NOT NULL,
    cost numeric(10,2)
);


ALTER TABLE public.webapp_subscriptiontier OWNER TO django;

--
-- Name: webapp_subscriptiontier_id_seq; Type: SEQUENCE; Schema: public; Owner: django
--

CREATE SEQUENCE webapp_subscriptiontier_id_seq
    START WITH 1
    INCREMENT BY 1
    NO MINVALUE
    NO MAXVALUE
    CACHE 1;


ALTER TABLE public.webapp_subscriptiontier_id_seq OWNER TO django;

--
-- Name: webapp_subscriptiontier_id_seq; Type: SEQUENCE OWNED BY; Schema: public; Owner: django
--

ALTER SEQUENCE webapp_subscriptiontier_id_seq OWNED BY webapp_subscriptiontier.id;


--
-- Name: id; Type: DEFAULT; Schema: public; Owner: django
--

ALTER TABLE ONLY auth_group ALTER COLUMN id SET DEFAULT nextval('auth_group_id_seq'::regclass);


--
-- Name: id; Type: DEFAULT; Schema: public; Owner: django
--

ALTER TABLE ONLY auth_group_permissions ALTER COLUMN id SET DEFAULT nextval('auth_group_permissions_id_seq'::regclass);


--
-- Name: id; Type: DEFAULT; Schema: public; Owner: django
--

ALTER TABLE ONLY auth_permission ALTER COLUMN id SET DEFAULT nextval('auth_permission_id_seq'::regclass);


--
-- Name: id; Type: DEFAULT; Schema: public; Owner: django
--

ALTER TABLE ONLY auth_user ALTER COLUMN id SET DEFAULT nextval('auth_user_id_seq'::regclass);


--
-- Name: id; Type: DEFAULT; Schema: public; Owner: django
--

ALTER TABLE ONLY auth_user_groups ALTER COLUMN id SET DEFAULT nextval('auth_user_groups_id_seq'::regclass);


--
-- Name: id; Type: DEFAULT; Schema: public; Owner: django
--

ALTER TABLE ONLY auth_user_user_permissions ALTER COLUMN id SET DEFAULT nextval('auth_user_user_permissions_id_seq'::regclass);


--
-- Name: id; Type: DEFAULT; Schema: public; Owner: django
--

ALTER TABLE ONLY django_admin_log ALTER COLUMN id SET DEFAULT nextval('django_admin_log_id_seq'::regclass);


--
-- Name: id; Type: DEFAULT; Schema: public; Owner: django
--

ALTER TABLE ONLY django_content_type ALTER COLUMN id SET DEFAULT nextval('django_content_type_id_seq'::regclass);


--
-- Name: id; Type: DEFAULT; Schema: public; Owner: django
--

ALTER TABLE ONLY django_migrations ALTER COLUMN id SET DEFAULT nextval('django_migrations_id_seq'::regclass);


--
-- Name: id; Type: DEFAULT; Schema: public; Owner: django
--

ALTER TABLE ONLY webapp_address ALTER COLUMN id SET DEFAULT nextval('webapp_address_id_seq'::regclass);


--
-- Name: id; Type: DEFAULT; Schema: public; Owner: django
--

ALTER TABLE ONLY webapp_appointment ALTER COLUMN id SET DEFAULT nextval('webapp_appointment_id_seq'::regclass);


--
-- Name: id; Type: DEFAULT; Schema: public; Owner: django
--

ALTER TABLE ONLY webapp_appointment_services ALTER COLUMN id SET DEFAULT nextval('webapp_appointment_services_id_seq'::regclass);


--
-- Name: id; Type: DEFAULT; Schema: public; Owner: django
--

ALTER TABLE ONLY webapp_business ALTER COLUMN id SET DEFAULT nextval('webapp_business_id_seq'::regclass);


--
-- Name: id; Type: DEFAULT; Schema: public; Owner: django
--

ALTER TABLE ONLY webapp_businesslocation ALTER COLUMN id SET DEFAULT nextval('webapp_businesslocation_id_seq'::regclass);


--
-- Name: id; Type: DEFAULT; Schema: public; Owner: django
--

ALTER TABLE ONLY webapp_businesstype ALTER COLUMN id SET DEFAULT nextval('webapp_businesstype_id_seq'::regclass);


--
-- Name: id; Type: DEFAULT; Schema: public; Owner: django
--

ALTER TABLE ONLY webapp_review ALTER COLUMN id SET DEFAULT nextval('webapp_review_id_seq'::regclass);


--
-- Name: id; Type: DEFAULT; Schema: public; Owner: django
--

ALTER TABLE ONLY webapp_service ALTER COLUMN id SET DEFAULT nextval('webapp_service_id_seq'::regclass);


--
-- Name: id; Type: DEFAULT; Schema: public; Owner: django
--

ALTER TABLE ONLY webapp_subscriptiontier ALTER COLUMN id SET DEFAULT nextval('webapp_subscriptiontier_id_seq'::regclass);


--
-- Data for Name: auth_group; Type: TABLE DATA; Schema: public; Owner: django
--

COPY auth_group (id, name) FROM stdin;
\.


--
-- Name: auth_group_id_seq; Type: SEQUENCE SET; Schema: public; Owner: django
--

SELECT pg_catalog.setval('auth_group_id_seq', 1, false);


--
-- Data for Name: auth_group_permissions; Type: TABLE DATA; Schema: public; Owner: django
--

COPY auth_group_permissions (id, group_id, permission_id) FROM stdin;
\.


--
-- Name: auth_group_permissions_id_seq; Type: SEQUENCE SET; Schema: public; Owner: django
--

SELECT pg_catalog.setval('auth_group_permissions_id_seq', 1, false);


--
-- Data for Name: auth_permission; Type: TABLE DATA; Schema: public; Owner: django
--

COPY auth_permission (id, name, content_type_id, codename) FROM stdin;
1	Can add log entry	1	add_logentry
2	Can change log entry	1	change_logentry
3	Can delete log entry	1	delete_logentry
4	Can add permission	2	add_permission
5	Can change permission	2	change_permission
6	Can delete permission	2	delete_permission
7	Can add group	3	add_group
8	Can change group	3	change_group
9	Can delete group	3	delete_group
10	Can add user	4	add_user
11	Can change user	4	change_user
12	Can delete user	4	delete_user
13	Can add content type	5	add_contenttype
14	Can change content type	5	change_contenttype
15	Can delete content type	5	delete_contenttype
16	Can add session	6	add_session
17	Can change session	6	change_session
18	Can delete session	6	delete_session
19	Can add address	7	add_address
20	Can change address	7	change_address
21	Can delete address	7	delete_address
22	Can add subscription tier	8	add_subscriptiontier
23	Can change subscription tier	8	change_subscriptiontier
24	Can delete subscription tier	8	delete_subscriptiontier
25	Can add business type	9	add_businesstype
26	Can change business type	9	change_businesstype
27	Can delete business type	9	delete_businesstype
28	Can add business	10	add_business
29	Can change business	10	change_business
30	Can delete business	10	delete_business
31	Can add business location	11	add_businesslocation
32	Can change business location	11	change_businesslocation
33	Can delete business location	11	delete_businesslocation
34	Can add service	12	add_service
35	Can change service	12	change_service
36	Can delete service	12	delete_service
37	Can add appointment	13	add_appointment
38	Can change appointment	13	change_appointment
39	Can delete appointment	13	delete_appointment
40	Can add review	14	add_review
41	Can change review	14	change_review
42	Can delete review	14	delete_review
\.


--
-- Name: auth_permission_id_seq; Type: SEQUENCE SET; Schema: public; Owner: django
--

SELECT pg_catalog.setval('auth_permission_id_seq', 42, true);


--
-- Data for Name: auth_user; Type: TABLE DATA; Schema: public; Owner: django
--

COPY auth_user (id, password, last_login, is_superuser, username, first_name, last_name, email, is_staff, is_active, date_joined) FROM stdin;
2	pbkdf2_sha256$12000$m7vDotu2yMgp$esd02pKV4aXZYlzjzm9XFCKehhZOOjUaFY244+4W1/0=	2014-11-30 16:10:25.781107-05	f					f	t	2014-11-30 16:10:25.781246-05
9	pbkdf2_sha256$12000$jnemCG2NU9I8$a8u/0RBI/JjvwFgxzwlDgbeXYii/uZFGDpGcxxv8+hs=	2014-11-30 16:40:58.361056-05	f	zebrasdxcvc				f	t	2014-11-30 16:40:58.027294-05
10	pbkdf2_sha256$12000$DnHMrFjnTMZI$AiFYWE56D1ty/rqRPFIfRK5yyz8ydeKi3UQGxwITfLU=	2014-12-01 14:03:17.342713-05	f	zebrasparading				f	t	2014-11-30 16:53:49.426516-05
11	pbkdf2_sha256$12000$GvUKc3UCTrip$rwQk/0MRvl5aVuG42o2Amjd/s7/8SbWGc1ZCspvNGKM=	2014-12-01 19:04:54.348203-05	f	user01				f	t	2014-12-01 19:04:31.823064-05
1	pbkdf2_sha256$12000$VOHHzYWH8xdr$8KPYtbg9vuk75PooqL92U4Tvk4BnXh2yPA15Jo1PF5c=	2014-12-04 20:35:08.159053-05	t	admin			ivanny109@gmail.com	t	t	2014-10-19 01:33:22.685248-04
\.


--
-- Data for Name: auth_user_groups; Type: TABLE DATA; Schema: public; Owner: django
--

COPY auth_user_groups (id, user_id, group_id) FROM stdin;
\.


--
-- Name: auth_user_groups_id_seq; Type: SEQUENCE SET; Schema: public; Owner: django
--

SELECT pg_catalog.setval('auth_user_groups_id_seq', 1, false);


--
-- Name: auth_user_id_seq; Type: SEQUENCE SET; Schema: public; Owner: django
--

SELECT pg_catalog.setval('auth_user_id_seq', 11, true);


--
-- Data for Name: auth_user_user_permissions; Type: TABLE DATA; Schema: public; Owner: django
--

COPY auth_user_user_permissions (id, user_id, permission_id) FROM stdin;
\.


--
-- Name: auth_user_user_permissions_id_seq; Type: SEQUENCE SET; Schema: public; Owner: django
--

SELECT pg_catalog.setval('auth_user_user_permissions_id_seq', 1, false);


--
-- Data for Name: django_admin_log; Type: TABLE DATA; Schema: public; Owner: django
--

COPY django_admin_log (id, action_time, user_id, content_type_id, object_id, object_repr, action_flag, change_message) FROM stdin;
1	2014-10-19 01:59:33.46715-04	1	9	1	BusinessType object	1	
2	2014-10-19 02:09:50.417825-04	1	7	1	Address object	1	
3	2014-10-19 02:15:43.438181-04	1	8	1	SubscriptionTier object	1	
4	2014-10-19 02:16:24.827417-04	1	10	1	Business object	1	
5	2014-10-19 02:17:12.000291-04	1	12	1	Service object	1	
6	2014-10-19 02:17:42.757265-04	1	12	2	Service object	1	
7	2014-10-19 02:18:57.229556-04	1	13	1	Appointment object	1	
8	2014-10-19 17:08:19.755929-04	1	9	2	Medical Care	1	
9	2014-10-19 17:09:58.129275-04	1	8	2	Tier 1	1	
10	2014-11-03 19:51:12.49129-05	1	7	1	22 E 109TH ST	2	Changed business_location, lat and long.
11	2014-11-03 21:53:56.768758-05	1	11	1	East Harlem	2	Changed slug.
12	2014-11-03 22:21:17.57699-05	1	7	1	22 E 109TH ST	2	Changed lat and long.
13	2014-11-03 23:11:44.382887-05	1	10	2	Prestige Auto	1	
14	2014-11-03 23:12:35.61974-05	1	7	2	2013 3rd Ave	1	
15	2014-11-04 19:44:26.002783-05	1	10	3	AAA	1	
16	2014-11-04 19:47:46.126693-05	1	7	3	100 Hopmeadow Street	1	
17	2014-11-16 10:43:51.408555-05	1	10	4	CityMD	1	
18	2014-11-16 10:50:48.170536-05	1	7	4	336 E 86TH ST	1	
\.


--
-- Name: django_admin_log_id_seq; Type: SEQUENCE SET; Schema: public; Owner: django
--

SELECT pg_catalog.setval('django_admin_log_id_seq', 18, true);


--
-- Data for Name: django_content_type; Type: TABLE DATA; Schema: public; Owner: django
--

COPY django_content_type (id, name, app_label, model) FROM stdin;
1	log entry	admin	logentry
2	permission	auth	permission
3	group	auth	group
4	user	auth	user
5	content type	contenttypes	contenttype
6	session	sessions	session
7	address	webapp	address
8	subscription tier	webapp	subscriptiontier
9	business type	webapp	businesstype
10	business	webapp	business
11	business location	webapp	businesslocation
12	service	webapp	service
13	appointment	webapp	appointment
14	review	webapp	review
\.


--
-- Name: django_content_type_id_seq; Type: SEQUENCE SET; Schema: public; Owner: django
--

SELECT pg_catalog.setval('django_content_type_id_seq', 14, true);


--
-- Data for Name: django_migrations; Type: TABLE DATA; Schema: public; Owner: django
--

COPY django_migrations (id, app, name, applied) FROM stdin;
1	contenttypes	0001_initial	2014-10-18 21:08:52.655432-04
2	auth	0001_initial	2014-10-18 21:08:52.670019-04
3	admin	0001_initial	2014-10-18 21:08:52.70105-04
4	sessions	0001_initial	2014-10-18 21:08:52.706655-04
5	webapp	0001_initial	2014-10-19 01:27:56.422232-04
6	webapp	0002_auto_20141019_0619	2014-11-01 19:06:06.497417-04
7	webapp	0003_auto_20141101_2220	2014-11-01 19:06:06.708849-04
8	webapp	0004_auto_20141104_0034	2014-11-03 19:45:52.107384-05
9	webapp	0005_auto_20141104_0252	2014-11-03 21:53:03.008072-05
\.


--
-- Name: django_migrations_id_seq; Type: SEQUENCE SET; Schema: public; Owner: django
--

SELECT pg_catalog.setval('django_migrations_id_seq', 9, true);


--
-- Data for Name: django_session; Type: TABLE DATA; Schema: public; Owner: django
--

COPY django_session (session_key, session_data, expire_date) FROM stdin;
8stmgvxp0mfbga9g0z3orrt57g2tuiou	ODRiZGUxMzE5YzU2NGJhOThkYTI0M2FhOTg4NzliNzZmMTcyMDc3Mzp7Il9hdXRoX3VzZXJfaGFzaCI6IjI2MjU1OTJiMmNiMWUyZWY5NWVlZDQzMzA0Y2VlMTI0MTU1MmI0NmMiLCJfYXV0aF91c2VyX2JhY2tlbmQiOiJkamFuZ28uY29udHJpYi5hdXRoLmJhY2tlbmRzLk1vZGVsQmFja2VuZCIsIl9hdXRoX3VzZXJfaWQiOjF9	2014-12-15 14:20:48.167061-05
7ytux7bz36ch6lmpjseavid3hr20661w	ODRiZGUxMzE5YzU2NGJhOThkYTI0M2FhOTg4NzliNzZmMTcyMDc3Mzp7Il9hdXRoX3VzZXJfaGFzaCI6IjI2MjU1OTJiMmNiMWUyZWY5NWVlZDQzMzA0Y2VlMTI0MTU1MmI0NmMiLCJfYXV0aF91c2VyX2JhY2tlbmQiOiJkamFuZ28uY29udHJpYi5hdXRoLmJhY2tlbmRzLk1vZGVsQmFja2VuZCIsIl9hdXRoX3VzZXJfaWQiOjF9	2014-11-02 01:48:37.401955-04
3rfj7g7kn0p9wnyzkqa3wppx73gsxc7g	ODRiZGUxMzE5YzU2NGJhOThkYTI0M2FhOTg4NzliNzZmMTcyMDc3Mzp7Il9hdXRoX3VzZXJfaGFzaCI6IjI2MjU1OTJiMmNiMWUyZWY5NWVlZDQzMzA0Y2VlMTI0MTU1MmI0NmMiLCJfYXV0aF91c2VyX2JhY2tlbmQiOiJkamFuZ28uY29udHJpYi5hdXRoLmJhY2tlbmRzLk1vZGVsQmFja2VuZCIsIl9hdXRoX3VzZXJfaWQiOjF9	2014-11-15 15:34:57.219441-05
j1k6yqhcwtzd74dlyd5sayo916zdv6ag	YjRhY2E3MTVmZTg1ZWQ1OWMxN2Y5NDg1YTlhOGEwMDg3MTk2Y2NlZDp7fQ==	2014-12-15 19:19:12.750336-05
cknpb5rlck170l3m4si9v3076pwyi9w9	YjRhY2E3MTVmZTg1ZWQ1OWMxN2Y5NDg1YTlhOGEwMDg3MTk2Y2NlZDp7fQ==	2014-12-18 16:55:09.629826-05
lbaz9eip39mvdoalmr2zsjba39wry33m	YjRhY2E3MTVmZTg1ZWQ1OWMxN2Y5NDg1YTlhOGEwMDg3MTk2Y2NlZDp7fQ==	2014-12-18 18:41:25.299098-05
798fk2x0kt1kdl3vx16vy5cpkobwfiwb	YjRhY2E3MTVmZTg1ZWQ1OWMxN2Y5NDg1YTlhOGEwMDg3MTk2Y2NlZDp7fQ==	2014-12-05 08:19:27.917585-05
2csxkv6kl2r5lvv5fkr053wncp7nfdfo	ODRiZGUxMzE5YzU2NGJhOThkYTI0M2FhOTg4NzliNzZmMTcyMDc3Mzp7Il9hdXRoX3VzZXJfaGFzaCI6IjI2MjU1OTJiMmNiMWUyZWY5NWVlZDQzMzA0Y2VlMTI0MTU1MmI0NmMiLCJfYXV0aF91c2VyX2JhY2tlbmQiOiJkamFuZ28uY29udHJpYi5hdXRoLmJhY2tlbmRzLk1vZGVsQmFja2VuZCIsIl9hdXRoX3VzZXJfaWQiOjF9	2014-12-18 20:35:08.164473-05
wrc0yrn0f7el8097tudsqtm4h82fubym	YjRhY2E3MTVmZTg1ZWQ1OWMxN2Y5NDg1YTlhOGEwMDg3MTk2Y2NlZDp7fQ==	2014-12-05 15:38:57.581681-05
bwnoau5b8f822h3pnql7sja8bj5ayi8o	YjRhY2E3MTVmZTg1ZWQ1OWMxN2Y5NDg1YTlhOGEwMDg3MTk2Y2NlZDp7fQ==	2014-12-05 15:39:00.674662-05
4nsef5rz98sagdarln0aihkdmnavkoi3	YjRhY2E3MTVmZTg1ZWQ1OWMxN2Y5NDg1YTlhOGEwMDg3MTk2Y2NlZDp7fQ==	2014-12-05 15:46:24.008749-05
3pv2q921kfqm59kky3u6hbd4yehjuhx3	YjRhY2E3MTVmZTg1ZWQ1OWMxN2Y5NDg1YTlhOGEwMDg3MTk2Y2NlZDp7fQ==	2014-12-05 15:46:27.876563-05
36ngx4loikkktgeu5pqekdosfqkev3og	YjRhY2E3MTVmZTg1ZWQ1OWMxN2Y5NDg1YTlhOGEwMDg3MTk2Y2NlZDp7fQ==	2014-12-05 16:59:37.531194-05
\.


--
-- Data for Name: webapp_address; Type: TABLE DATA; Schema: public; Owner: django
--

COPY webapp_address (id, street, city, state, postal_code, lat, long, business_location_id) FROM stdin;
1	22 E 109TH ST	New York	NY	10029	40.736711	-73.991179	1
2	2013 3rd Ave	New York	NY	10029	40.794927	-73.942117	2
3	100 Hopmeadow Street	Simsbury	Connecticut	06070	41.828600	-72.824000	3
4	336 E 86TH ST	New York	New York	10028	40.777166	-73.950490	4
\.


--
-- Name: webapp_address_id_seq; Type: SEQUENCE SET; Schema: public; Owner: django
--

SELECT pg_catalog.setval('webapp_address_id_seq', 4, true);


--
-- Data for Name: webapp_appointment; Type: TABLE DATA; Schema: public; Owner: django
--

COPY webapp_appointment (id, completed, business_location_id, service_recipient_id, "time") FROM stdin;
1	f	1	1	\N
\.


--
-- Name: webapp_appointment_id_seq; Type: SEQUENCE SET; Schema: public; Owner: django
--

SELECT pg_catalog.setval('webapp_appointment_id_seq', 1, true);


--
-- Data for Name: webapp_appointment_services; Type: TABLE DATA; Schema: public; Owner: django
--

COPY webapp_appointment_services (id, appointment_id, service_id) FROM stdin;
1	1	1
2	1	2
\.


--
-- Name: webapp_appointment_services_id_seq; Type: SEQUENCE SET; Schema: public; Owner: django
--

SELECT pg_catalog.setval('webapp_appointment_services_id_seq', 2, true);


--
-- Data for Name: webapp_business; Type: TABLE DATA; Schema: public; Owner: django
--

COPY webapp_business (id, business_name, description, publication_status, payment_status, business_type_id, registered_by_id, subscription_tier_id) FROM stdin;
1	Pepe Auto Repair	We service any type of auto.	t	t	1	1	1
2	Prestige Auto	2013 3rd Ave\r\nNew York, NY 10029	f	f	1	1	1
3	AAA	Cheap	t	t	1	1	1
4	CityMD	336 E 86th St\r\nNew York, NY 10028\r\nb/t 1st Ave & 2nd Ave in Yorkville, Upper East Side	t	f	2	1	1
\.


--
-- Name: webapp_business_id_seq; Type: SEQUENCE SET; Schema: public; Owner: django
--

SELECT pg_catalog.setval('webapp_business_id_seq', 4, true);


--
-- Data for Name: webapp_businesslocation; Type: TABLE DATA; Schema: public; Owner: django
--

COPY webapp_businesslocation (id, location_name, description, business_id, slug) FROM stdin;
1	East Harlem	Our flagship store.	1	pepe-auto-repair-east-harlem
2	NYC	2013 3rd Ave\r\nNew York, NY 10029	2	prestige-auto-nyc
3	100 Hopmeadow Street	Open 24/7	3	AAA
4	Yorkville	(212) 772-3627	4	city-md-yorkville
\.


--
-- Name: webapp_businesslocation_id_seq; Type: SEQUENCE SET; Schema: public; Owner: django
--

SELECT pg_catalog.setval('webapp_businesslocation_id_seq', 4, true);


--
-- Data for Name: webapp_businesstype; Type: TABLE DATA; Schema: public; Owner: django
--

COPY webapp_businesstype (id, business_type) FROM stdin;
1	Automotive
2	Medical Care
\.


--
-- Name: webapp_businesstype_id_seq; Type: SEQUENCE SET; Schema: public; Owner: django
--

SELECT pg_catalog.setval('webapp_businesstype_id_seq', 2, true);


--
-- Data for Name: webapp_review; Type: TABLE DATA; Schema: public; Owner: django
--

COPY webapp_review (id, review, appointment_id, author_id) FROM stdin;
\.


--
-- Name: webapp_review_id_seq; Type: SEQUENCE SET; Schema: public; Owner: django
--

SELECT pg_catalog.setval('webapp_review_id_seq', 1, false);


--
-- Data for Name: webapp_service; Type: TABLE DATA; Schema: public; Owner: django
--

COPY webapp_service (id, name, description, price_estimate, business_location_id) FROM stdin;
1	Oil Change	Full premium oil change.	50.00	1
2	Car Wash	Deep car cleaning	75.99	1
\.


--
-- Name: webapp_service_id_seq; Type: SEQUENCE SET; Schema: public; Owner: django
--

SELECT pg_catalog.setval('webapp_service_id_seq', 2, true);


--
-- Data for Name: webapp_subscriptiontier; Type: TABLE DATA; Schema: public; Owner: django
--

COPY webapp_subscriptiontier (id, tier_name, cost) FROM stdin;
1	Tier 1	42.50
2	Tier 1	20.00
\.


--
-- Name: webapp_subscriptiontier_id_seq; Type: SEQUENCE SET; Schema: public; Owner: django
--

SELECT pg_catalog.setval('webapp_subscriptiontier_id_seq', 2, true);


--
-- Name: auth_group_name_key; Type: CONSTRAINT; Schema: public; Owner: django; Tablespace: 
--

ALTER TABLE ONLY auth_group
    ADD CONSTRAINT auth_group_name_key UNIQUE (name);


--
-- Name: auth_group_permissions_group_id_permission_id_key; Type: CONSTRAINT; Schema: public; Owner: django; Tablespace: 
--

ALTER TABLE ONLY auth_group_permissions
    ADD CONSTRAINT auth_group_permissions_group_id_permission_id_key UNIQUE (group_id, permission_id);


--
-- Name: auth_group_permissions_pkey; Type: CONSTRAINT; Schema: public; Owner: django; Tablespace: 
--

ALTER TABLE ONLY auth_group_permissions
    ADD CONSTRAINT auth_group_permissions_pkey PRIMARY KEY (id);


--
-- Name: auth_group_pkey; Type: CONSTRAINT; Schema: public; Owner: django; Tablespace: 
--

ALTER TABLE ONLY auth_group
    ADD CONSTRAINT auth_group_pkey PRIMARY KEY (id);


--
-- Name: auth_permission_content_type_id_codename_key; Type: CONSTRAINT; Schema: public; Owner: django; Tablespace: 
--

ALTER TABLE ONLY auth_permission
    ADD CONSTRAINT auth_permission_content_type_id_codename_key UNIQUE (content_type_id, codename);


--
-- Name: auth_permission_pkey; Type: CONSTRAINT; Schema: public; Owner: django; Tablespace: 
--

ALTER TABLE ONLY auth_permission
    ADD CONSTRAINT auth_permission_pkey PRIMARY KEY (id);


--
-- Name: auth_user_groups_pkey; Type: CONSTRAINT; Schema: public; Owner: django; Tablespace: 
--

ALTER TABLE ONLY auth_user_groups
    ADD CONSTRAINT auth_user_groups_pkey PRIMARY KEY (id);


--
-- Name: auth_user_groups_user_id_group_id_key; Type: CONSTRAINT; Schema: public; Owner: django; Tablespace: 
--

ALTER TABLE ONLY auth_user_groups
    ADD CONSTRAINT auth_user_groups_user_id_group_id_key UNIQUE (user_id, group_id);


--
-- Name: auth_user_pkey; Type: CONSTRAINT; Schema: public; Owner: django; Tablespace: 
--

ALTER TABLE ONLY auth_user
    ADD CONSTRAINT auth_user_pkey PRIMARY KEY (id);


--
-- Name: auth_user_user_permissions_pkey; Type: CONSTRAINT; Schema: public; Owner: django; Tablespace: 
--

ALTER TABLE ONLY auth_user_user_permissions
    ADD CONSTRAINT auth_user_user_permissions_pkey PRIMARY KEY (id);


--
-- Name: auth_user_user_permissions_user_id_permission_id_key; Type: CONSTRAINT; Schema: public; Owner: django; Tablespace: 
--

ALTER TABLE ONLY auth_user_user_permissions
    ADD CONSTRAINT auth_user_user_permissions_user_id_permission_id_key UNIQUE (user_id, permission_id);


--
-- Name: auth_user_username_key; Type: CONSTRAINT; Schema: public; Owner: django; Tablespace: 
--

ALTER TABLE ONLY auth_user
    ADD CONSTRAINT auth_user_username_key UNIQUE (username);


--
-- Name: django_admin_log_pkey; Type: CONSTRAINT; Schema: public; Owner: django; Tablespace: 
--

ALTER TABLE ONLY django_admin_log
    ADD CONSTRAINT django_admin_log_pkey PRIMARY KEY (id);


--
-- Name: django_content_type_app_label_model_key; Type: CONSTRAINT; Schema: public; Owner: django; Tablespace: 
--

ALTER TABLE ONLY django_content_type
    ADD CONSTRAINT django_content_type_app_label_model_key UNIQUE (app_label, model);


--
-- Name: django_content_type_pkey; Type: CONSTRAINT; Schema: public; Owner: django; Tablespace: 
--

ALTER TABLE ONLY django_content_type
    ADD CONSTRAINT django_content_type_pkey PRIMARY KEY (id);


--
-- Name: django_migrations_pkey; Type: CONSTRAINT; Schema: public; Owner: django; Tablespace: 
--

ALTER TABLE ONLY django_migrations
    ADD CONSTRAINT django_migrations_pkey PRIMARY KEY (id);


--
-- Name: django_session_pkey; Type: CONSTRAINT; Schema: public; Owner: django; Tablespace: 
--

ALTER TABLE ONLY django_session
    ADD CONSTRAINT django_session_pkey PRIMARY KEY (session_key);


--
-- Name: webapp_address_pkey; Type: CONSTRAINT; Schema: public; Owner: django; Tablespace: 
--

ALTER TABLE ONLY webapp_address
    ADD CONSTRAINT webapp_address_pkey PRIMARY KEY (id);


--
-- Name: webapp_appointment_pkey; Type: CONSTRAINT; Schema: public; Owner: django; Tablespace: 
--

ALTER TABLE ONLY webapp_appointment
    ADD CONSTRAINT webapp_appointment_pkey PRIMARY KEY (id);


--
-- Name: webapp_appointment_services_appointment_id_service_id_key; Type: CONSTRAINT; Schema: public; Owner: django; Tablespace: 
--

ALTER TABLE ONLY webapp_appointment_services
    ADD CONSTRAINT webapp_appointment_services_appointment_id_service_id_key UNIQUE (appointment_id, service_id);


--
-- Name: webapp_appointment_services_pkey; Type: CONSTRAINT; Schema: public; Owner: django; Tablespace: 
--

ALTER TABLE ONLY webapp_appointment_services
    ADD CONSTRAINT webapp_appointment_services_pkey PRIMARY KEY (id);


--
-- Name: webapp_business_pkey; Type: CONSTRAINT; Schema: public; Owner: django; Tablespace: 
--

ALTER TABLE ONLY webapp_business
    ADD CONSTRAINT webapp_business_pkey PRIMARY KEY (id);


--
-- Name: webapp_businesslocation_pkey; Type: CONSTRAINT; Schema: public; Owner: django; Tablespace: 
--

ALTER TABLE ONLY webapp_businesslocation
    ADD CONSTRAINT webapp_businesslocation_pkey PRIMARY KEY (id);


--
-- Name: webapp_businesstype_pkey; Type: CONSTRAINT; Schema: public; Owner: django; Tablespace: 
--

ALTER TABLE ONLY webapp_businesstype
    ADD CONSTRAINT webapp_businesstype_pkey PRIMARY KEY (id);


--
-- Name: webapp_review_pkey; Type: CONSTRAINT; Schema: public; Owner: django; Tablespace: 
--

ALTER TABLE ONLY webapp_review
    ADD CONSTRAINT webapp_review_pkey PRIMARY KEY (id);


--
-- Name: webapp_service_pkey; Type: CONSTRAINT; Schema: public; Owner: django; Tablespace: 
--

ALTER TABLE ONLY webapp_service
    ADD CONSTRAINT webapp_service_pkey PRIMARY KEY (id);


--
-- Name: webapp_subscriptiontier_pkey; Type: CONSTRAINT; Schema: public; Owner: django; Tablespace: 
--

ALTER TABLE ONLY webapp_subscriptiontier
    ADD CONSTRAINT webapp_subscriptiontier_pkey PRIMARY KEY (id);


--
-- Name: auth_group_name_like; Type: INDEX; Schema: public; Owner: django; Tablespace: 
--

CREATE INDEX auth_group_name_like ON auth_group USING btree (name varchar_pattern_ops);


--
-- Name: auth_group_permissions_group_id; Type: INDEX; Schema: public; Owner: django; Tablespace: 
--

CREATE INDEX auth_group_permissions_group_id ON auth_group_permissions USING btree (group_id);


--
-- Name: auth_group_permissions_permission_id; Type: INDEX; Schema: public; Owner: django; Tablespace: 
--

CREATE INDEX auth_group_permissions_permission_id ON auth_group_permissions USING btree (permission_id);


--
-- Name: auth_permission_content_type_id; Type: INDEX; Schema: public; Owner: django; Tablespace: 
--

CREATE INDEX auth_permission_content_type_id ON auth_permission USING btree (content_type_id);


--
-- Name: auth_user_groups_group_id; Type: INDEX; Schema: public; Owner: django; Tablespace: 
--

CREATE INDEX auth_user_groups_group_id ON auth_user_groups USING btree (group_id);


--
-- Name: auth_user_groups_user_id; Type: INDEX; Schema: public; Owner: django; Tablespace: 
--

CREATE INDEX auth_user_groups_user_id ON auth_user_groups USING btree (user_id);


--
-- Name: auth_user_user_permissions_permission_id; Type: INDEX; Schema: public; Owner: django; Tablespace: 
--

CREATE INDEX auth_user_user_permissions_permission_id ON auth_user_user_permissions USING btree (permission_id);


--
-- Name: auth_user_user_permissions_user_id; Type: INDEX; Schema: public; Owner: django; Tablespace: 
--

CREATE INDEX auth_user_user_permissions_user_id ON auth_user_user_permissions USING btree (user_id);


--
-- Name: auth_user_username_like; Type: INDEX; Schema: public; Owner: django; Tablespace: 
--

CREATE INDEX auth_user_username_like ON auth_user USING btree (username varchar_pattern_ops);


--
-- Name: django_admin_log_content_type_id; Type: INDEX; Schema: public; Owner: django; Tablespace: 
--

CREATE INDEX django_admin_log_content_type_id ON django_admin_log USING btree (content_type_id);


--
-- Name: django_admin_log_user_id; Type: INDEX; Schema: public; Owner: django; Tablespace: 
--

CREATE INDEX django_admin_log_user_id ON django_admin_log USING btree (user_id);


--
-- Name: django_session_expire_date; Type: INDEX; Schema: public; Owner: django; Tablespace: 
--

CREATE INDEX django_session_expire_date ON django_session USING btree (expire_date);


--
-- Name: django_session_session_key_like; Type: INDEX; Schema: public; Owner: django; Tablespace: 
--

CREATE INDEX django_session_session_key_like ON django_session USING btree (session_key varchar_pattern_ops);


--
-- Name: webapp_address_ed64ac82; Type: INDEX; Schema: public; Owner: django; Tablespace: 
--

CREATE INDEX webapp_address_ed64ac82 ON webapp_address USING btree (business_location_id);


--
-- Name: webapp_appointment_0ed5ad1d; Type: INDEX; Schema: public; Owner: django; Tablespace: 
--

CREATE INDEX webapp_appointment_0ed5ad1d ON webapp_appointment USING btree (service_recipient_id);


--
-- Name: webapp_appointment_ed64ac82; Type: INDEX; Schema: public; Owner: django; Tablespace: 
--

CREATE INDEX webapp_appointment_ed64ac82 ON webapp_appointment USING btree (business_location_id);


--
-- Name: webapp_appointment_services_54c91d3b; Type: INDEX; Schema: public; Owner: django; Tablespace: 
--

CREATE INDEX webapp_appointment_services_54c91d3b ON webapp_appointment_services USING btree (appointment_id);


--
-- Name: webapp_appointment_services_b0dc1e29; Type: INDEX; Schema: public; Owner: django; Tablespace: 
--

CREATE INDEX webapp_appointment_services_b0dc1e29 ON webapp_appointment_services USING btree (service_id);


--
-- Name: webapp_business_01abc0d6; Type: INDEX; Schema: public; Owner: django; Tablespace: 
--

CREATE INDEX webapp_business_01abc0d6 ON webapp_business USING btree (subscription_tier_id);


--
-- Name: webapp_business_5d510b58; Type: INDEX; Schema: public; Owner: django; Tablespace: 
--

CREATE INDEX webapp_business_5d510b58 ON webapp_business USING btree (business_type_id);


--
-- Name: webapp_business_6ce52ef2; Type: INDEX; Schema: public; Owner: django; Tablespace: 
--

CREATE INDEX webapp_business_6ce52ef2 ON webapp_business USING btree (registered_by_id);


--
-- Name: webapp_businesslocation_2f4e4ac4; Type: INDEX; Schema: public; Owner: django; Tablespace: 
--

CREATE INDEX webapp_businesslocation_2f4e4ac4 ON webapp_businesslocation USING btree (business_id);


--
-- Name: webapp_review_4f331e2f; Type: INDEX; Schema: public; Owner: django; Tablespace: 
--

CREATE INDEX webapp_review_4f331e2f ON webapp_review USING btree (author_id);


--
-- Name: webapp_review_54c91d3b; Type: INDEX; Schema: public; Owner: django; Tablespace: 
--

CREATE INDEX webapp_review_54c91d3b ON webapp_review USING btree (appointment_id);


--
-- Name: webapp_service_ed64ac82; Type: INDEX; Schema: public; Owner: django; Tablespace: 
--

CREATE INDEX webapp_service_ed64ac82 ON webapp_service USING btree (business_location_id);


--
-- Name: a1ed46bc6e0c4d4064cba9d09cfe5af4; Type: FK CONSTRAINT; Schema: public; Owner: django
--

ALTER TABLE ONLY webapp_address
    ADD CONSTRAINT a1ed46bc6e0c4d4064cba9d09cfe5af4 FOREIGN KEY (business_location_id) REFERENCES webapp_businesslocation(id) DEFERRABLE INITIALLY DEFERRED;


--
-- Name: auth_group_permissions_permission_id_fkey; Type: FK CONSTRAINT; Schema: public; Owner: django
--

ALTER TABLE ONLY auth_group_permissions
    ADD CONSTRAINT auth_group_permissions_permission_id_fkey FOREIGN KEY (permission_id) REFERENCES auth_permission(id) DEFERRABLE INITIALLY DEFERRED;


--
-- Name: auth_user_groups_group_id_fkey; Type: FK CONSTRAINT; Schema: public; Owner: django
--

ALTER TABLE ONLY auth_user_groups
    ADD CONSTRAINT auth_user_groups_group_id_fkey FOREIGN KEY (group_id) REFERENCES auth_group(id) DEFERRABLE INITIALLY DEFERRED;


--
-- Name: auth_user_user_permissions_permission_id_fkey; Type: FK CONSTRAINT; Schema: public; Owner: django
--

ALTER TABLE ONLY auth_user_user_permissions
    ADD CONSTRAINT auth_user_user_permissions_permission_id_fkey FOREIGN KEY (permission_id) REFERENCES auth_permission(id) DEFERRABLE INITIALLY DEFERRED;


--
-- Name: b75da3e79d7e28202881edd48dda522d; Type: FK CONSTRAINT; Schema: public; Owner: django
--

ALTER TABLE ONLY webapp_service
    ADD CONSTRAINT b75da3e79d7e28202881edd48dda522d FOREIGN KEY (business_location_id) REFERENCES webapp_businesslocation(id) DEFERRABLE INITIALLY DEFERRED;


--
-- Name: b8f335e0d4d377f8ce24ee3e3a78c8ae; Type: FK CONSTRAINT; Schema: public; Owner: django
--

ALTER TABLE ONLY webapp_business
    ADD CONSTRAINT b8f335e0d4d377f8ce24ee3e3a78c8ae FOREIGN KEY (subscription_tier_id) REFERENCES webapp_subscriptiontier(id) DEFERRABLE INITIALLY DEFERRED;


--
-- Name: content_type_id_refs_id_93d2d1f8; Type: FK CONSTRAINT; Schema: public; Owner: django
--

ALTER TABLE ONLY django_admin_log
    ADD CONSTRAINT content_type_id_refs_id_93d2d1f8 FOREIGN KEY (content_type_id) REFERENCES django_content_type(id) DEFERRABLE INITIALLY DEFERRED;


--
-- Name: content_type_id_refs_id_d043b34a; Type: FK CONSTRAINT; Schema: public; Owner: django
--

ALTER TABLE ONLY auth_permission
    ADD CONSTRAINT content_type_id_refs_id_d043b34a FOREIGN KEY (content_type_id) REFERENCES django_content_type(id) DEFERRABLE INITIALLY DEFERRED;


--
-- Name: d20193315800d208b737ce48c57efe52; Type: FK CONSTRAINT; Schema: public; Owner: django
--

ALTER TABLE ONLY webapp_appointment
    ADD CONSTRAINT d20193315800d208b737ce48c57efe52 FOREIGN KEY (business_location_id) REFERENCES webapp_businesslocation(id) DEFERRABLE INITIALLY DEFERRED;


--
-- Name: group_id_refs_id_f4b32aac; Type: FK CONSTRAINT; Schema: public; Owner: django
--

ALTER TABLE ONLY auth_group_permissions
    ADD CONSTRAINT group_id_refs_id_f4b32aac FOREIGN KEY (group_id) REFERENCES auth_group(id) DEFERRABLE INITIALLY DEFERRED;


--
-- Name: user_id_refs_id_40c41112; Type: FK CONSTRAINT; Schema: public; Owner: django
--

ALTER TABLE ONLY auth_user_groups
    ADD CONSTRAINT user_id_refs_id_40c41112 FOREIGN KEY (user_id) REFERENCES auth_user(id) DEFERRABLE INITIALLY DEFERRED;


--
-- Name: user_id_refs_id_4dc23c39; Type: FK CONSTRAINT; Schema: public; Owner: django
--

ALTER TABLE ONLY auth_user_user_permissions
    ADD CONSTRAINT user_id_refs_id_4dc23c39 FOREIGN KEY (user_id) REFERENCES auth_user(id) DEFERRABLE INITIALLY DEFERRED;


--
-- Name: user_id_refs_id_c0d12874; Type: FK CONSTRAINT; Schema: public; Owner: django
--

ALTER TABLE ONLY django_admin_log
    ADD CONSTRAINT user_id_refs_id_c0d12874 FOREIGN KEY (user_id) REFERENCES auth_user(id) DEFERRABLE INITIALLY DEFERRED;


--
-- Name: weba_business_type_id_f45be6858ef2b77_fk_webapp_businesstype_id; Type: FK CONSTRAINT; Schema: public; Owner: django
--

ALTER TABLE ONLY webapp_business
    ADD CONSTRAINT weba_business_type_id_f45be6858ef2b77_fk_webapp_businesstype_id FOREIGN KEY (business_type_id) REFERENCES webapp_businesstype(id) DEFERRABLE INITIALLY DEFERRED;


--
-- Name: webapp_ap_service_recipient_id_3e7d3dce7aa7e527_fk_auth_user_id; Type: FK CONSTRAINT; Schema: public; Owner: django
--

ALTER TABLE ONLY webapp_appointment
    ADD CONSTRAINT webapp_ap_service_recipient_id_3e7d3dce7aa7e527_fk_auth_user_id FOREIGN KEY (service_recipient_id) REFERENCES auth_user(id) DEFERRABLE INITIALLY DEFERRED;


--
-- Name: webapp_appoint_service_id_659a6e4d4af04ad1_fk_webapp_service_id; Type: FK CONSTRAINT; Schema: public; Owner: django
--

ALTER TABLE ONLY webapp_appointment_services
    ADD CONSTRAINT webapp_appoint_service_id_659a6e4d4af04ad1_fk_webapp_service_id FOREIGN KEY (service_id) REFERENCES webapp_service(id) DEFERRABLE INITIALLY DEFERRED;


--
-- Name: webapp_appointment_id_12f440887cf9e9e3_fk_webapp_appointment_id; Type: FK CONSTRAINT; Schema: public; Owner: django
--

ALTER TABLE ONLY webapp_review
    ADD CONSTRAINT webapp_appointment_id_12f440887cf9e9e3_fk_webapp_appointment_id FOREIGN KEY (appointment_id) REFERENCES webapp_appointment(id) DEFERRABLE INITIALLY DEFERRED;


--
-- Name: webapp_appointment_id_52f41ae063e2d2c3_fk_webapp_appointment_id; Type: FK CONSTRAINT; Schema: public; Owner: django
--

ALTER TABLE ONLY webapp_appointment_services
    ADD CONSTRAINT webapp_appointment_id_52f41ae063e2d2c3_fk_webapp_appointment_id FOREIGN KEY (appointment_id) REFERENCES webapp_appointment(id) DEFERRABLE INITIALLY DEFERRED;


--
-- Name: webapp_busin_business_id_246c9883dcb4fb3a_fk_webapp_business_id; Type: FK CONSTRAINT; Schema: public; Owner: django
--

ALTER TABLE ONLY webapp_businesslocation
    ADD CONSTRAINT webapp_busin_business_id_246c9883dcb4fb3a_fk_webapp_business_id FOREIGN KEY (business_id) REFERENCES webapp_business(id) DEFERRABLE INITIALLY DEFERRED;


--
-- Name: webapp_busine_registered_by_id_209f5d0d0ee5c604_fk_auth_user_id; Type: FK CONSTRAINT; Schema: public; Owner: django
--

ALTER TABLE ONLY webapp_business
    ADD CONSTRAINT webapp_busine_registered_by_id_209f5d0d0ee5c604_fk_auth_user_id FOREIGN KEY (registered_by_id) REFERENCES auth_user(id) DEFERRABLE INITIALLY DEFERRED;


--
-- Name: webapp_review_author_id_6c35890a24aa18a6_fk_auth_user_id; Type: FK CONSTRAINT; Schema: public; Owner: django
--

ALTER TABLE ONLY webapp_review
    ADD CONSTRAINT webapp_review_author_id_6c35890a24aa18a6_fk_auth_user_id FOREIGN KEY (author_id) REFERENCES auth_user(id) DEFERRABLE INITIALLY DEFERRED;


--
-- Name: public; Type: ACL; Schema: -; Owner: postgres
--

REVOKE ALL ON SCHEMA public FROM PUBLIC;
REVOKE ALL ON SCHEMA public FROM postgres;
GRANT ALL ON SCHEMA public TO postgres;
GRANT ALL ON SCHEMA public TO PUBLIC;


--
-- PostgreSQL database dump complete
--

